INSERT INTO users (uuid, first_name, internal_user, last_name, status, username) VALUES
    ('12c81aae-3883-4840-8196-e8b18877ac59', 'Test', true, 'Test', 'ACTIVE', 'ZAS101340'),
    ('12a81aae-3883-4840-8196-e8b18877ac59', 'Matthieu', true, 'Vinciarelli', 'ACTIVE', 'ZAS101007'),
    ('0f5559a2-3fd4-4816-a4e9-2ffad77544e6', 'Darius', false, 'Portmann', 'ACTIVE', 'ZAS144893'),
    ('ad557560-9562-4597-9908-0bd5b8f09832', 'Serge', true, 'KOTTMANN', 'ACTIVE', 'ZAS100896'),
    ('01e286d5-0e38-4407-97e2-0a43d4b56659', 'ilkay', true, 'Yildirim Pilaf', 'ACTIVE', 'ZAS100404'),
    ('6bf573d2-fb04-4b1c-923b-333181c3bac5', 'Charbel', true, 'Hayek', 'ACTIVE', 'ZAS100115'),
    ('4de601db-a617-4bc7-a0f7-ce184fb39d93', 'Nathan', true, 'François', 'ACTIVE', 'ZAS101175'),
    ('b82dfdf7-527b-420e-a2d3-118d029305d1', 'Xavier', true, 'Pfister', 'ACTIVE', 'ZAS206535'),
    ('8754e0f6-35f1-4ad7-a3a4-5b5f0c9e8450', 'Jérôme', true, 'Chaubert', 'ACTIVE', 'ZAS100652'),
    ('3b9ff073-0ed6-4b30-86ab-254bedd8472c', 'Jean-Marc', true, 'Hug', 'ACTIVE', 'ZAS144070'),
    ('66f09759-7d70-4da1-a728-4a51e966e2a2', 'Sokha', true, 'Hoy-Chan', 'ACTIVE', 'ZAS100394'),
    ('52f932da-659d-42f6-9b1d-530ca769ae89', 'Tanja', true, 'Rosic', 'ACTIVE', 'ZAS100353'),
    ('f58bfc62-8369-46e7-b46c-af3455f76a9b', 'Mirjam', true, 'Santeler', 'ACTIVE', 'ZAS100521'),
    ('5de5de98-923a-4a5e-8a15-05020cc44fdf', 'Mario', true, 'Bee', 'ACTIVE', 'ZAS100425'),
    ('10fbb3c8-5bec-442d-91af-7d9b3bf7dffd', 'Maja', true, 'Gehrig', 'ACTIVE', 'ZAS143150'),
    ('7e0b9028-ea64-48e7-b776-34924f9a5753', 'Valerie', true, 'Tschannen', 'ACTIVE', 'ZAS100866'),
    ('e9db259f-75d8-4ce6-b2b0-d1b17b5c1c71', 'Hatun', true, 'Demir', 'INACTIVE', 'ZAS208905'),
    ('b0192f46-5c24-4753-93aa-fee20ebaff4c', 'Simon', true, 'Hauck', 'ACTIVE', 'ZAS100676'),
    ('8ee13a03-a2c5-4288-aac9-179071cd1e52', 'Kyran', true, 'Latter', 'ACTIVE', 'ZAS100339'),
    ('be5f88f7-6e86-4663-abf2-e7757333af06', 'Savannah', true, 'Ingwersen', 'ACTIVE', 'ZAS205481'),
    ('22cdf07c-1b70-4006-abc5-6ce32a5996bb', 'David', true, 'Birman', 'ACTIVE', 'ZAS100831'),
    ('e6a786ab-d15e-4333-8c82-cf471c19aae7', 'David', true, 'Menge', 'ACTIVE', 'ZAS100443'),
    ('416e19c9-b2b6-4c42-b071-a58b14225fbe', 'Luca', true, 'Carratu', 'ACTIVE', 'ZAS100774'),
    ('6cd6fcc8-8bcf-4662-8eb8-1254a52dda7d', 'Véronique', true, 'Jaccoud', 'ACTIVE', 'ZAS100352'),
    ('d9761394-5974-4cb9-842c-75439cc6b8af', 'Kieran', true, 'Schubert', 'ACTIVE', 'ZAS144507'),
    ('665d65de-0ac4-4c80-ad42-6d62f72c5afa', 'Florent', true, 'Torres', 'ACTIVE', 'ZAS100666'),
    ('ec985820-0a86-4745-8639-ab06b5f46d22', 'Annette', true, 'Broger', 'ACTIVE', 'ZAS100913'),
    ('3d534b0f-5275-46ee-8f86-d898c95da4a4', 'Diana', true, 'Rodrigues Pedro', 'ACTIVE', 'ZAS143872'),
    ('87141ae5-ceb7-42ef-9333-66ef420bc40f', 'Marilyne', true, 'Itburrun', 'ACTIVE', 'ZAS100213'),
    ('b80554c5-a778-4cc8-8f1f-3dfd959afc83', 'Nicolas', true, 'Düsel', 'ACTIVE', 'ZAS210652'),
    ('a82acd93-c794-4154-b4d4-32e312f24b15', 'Sabrina', true, 'Nazeri', 'INACTIVE', 'ZAS142420'),
    ('8db7c32c-f682-415e-9976-2cfd03594796', 'Rita', true, 'Stettler', 'ACTIVE', 'ZAS100533'),
    ('a4706a5f-5849-4567-87f0-093421ed4a81', 'Teresa', true, 'Roos', 'ACTIVE', 'ZAS100460'),
    ('30a381d6-76e7-48df-8f4c-90fc428fc2d7', 'Natercia', true, 'Da Conceicao Rodrigues', 'ACTIVE', 'ZAS100826'),
    ('eece9985-3c5b-4e0b-95b0-0de3a3dff810', 'Irène', true, 'Valguarnera', 'ACTIVE', 'ZAS100782'),
    ('8d8cb606-9df3-4758-98bd-2173b78db1ff', 'Gjergj', true, 'Marika', 'ACTIVE', 'ZAS100707'),
    ('7367d128-edec-4cd5-a915-9a6802bcd271', 'deyan', false, 'Birchmeier', 'INACTIVE', 'ZAS208627');

INSERT INTO user_entity_roles (user_entity_uuid, roles) VALUES
    ('12c81aae-3883-4840-8196-e8b18877ac59', 'USER'),
    ('12c81aae-3883-4840-8196-e8b18877ac59', 'ADMIN'),
    ('12c81aae-3883-4840-8196-e8b18877ac59', 'EXPERT'),
    ('12c81aae-3883-4840-8196-e8b18877ac59', 'TRANSLATOR'),
    ('12a81aae-3883-4840-8196-e8b18877ac59', 'USER'),
    ('12a81aae-3883-4840-8196-e8b18877ac59', 'ADMIN'),
    ('d9761394-5974-4cb9-842c-75439cc6b8af', 'USER'),
    ('d9761394-5974-4cb9-842c-75439cc6b8af', 'ADMIN'),
    ('0f5559a2-3fd4-4816-a4e9-2ffad77544e6', 'USER'),
    ('ad557560-9562-4597-9908-0bd5b8f09832', 'USER'),
    ('6bf573d2-fb04-4b1c-923b-333181c3bac5', 'USER'),
    ('4de601db-a617-4bc7-a0f7-ce184fb39d93', 'USER'),
    ('4de601db-a617-4bc7-a0f7-ce184fb39d93', 'ADMIN'),
    ('b82dfdf7-527b-420e-a2d3-118d029305d1', 'USER'),
    ('8754e0f6-35f1-4ad7-a3a4-5b5f0c9e8450', 'USER'),
    ('66f09759-7d70-4da1-a728-4a51e966e2a2', 'USER'),
    ('3b9ff073-0ed6-4b30-86ab-254bedd8472c', 'USER'),
    ('3b9ff073-0ed6-4b30-86ab-254bedd8472c', 'EXPERT'),
    ('665d65de-0ac4-4c80-ad42-6d62f72c5afa', 'USER'),
    ('665d65de-0ac4-4c80-ad42-6d62f72c5afa', 'EXPERT'),
    ('a82acd93-c794-4154-b4d4-32e312f24b15', 'USER'),
    ('a82acd93-c794-4154-b4d4-32e312f24b15', 'EXPERT'),
    ('3d534b0f-5275-46ee-8f86-d898c95da4a4', 'USER'),
    ('3d534b0f-5275-46ee-8f86-d898c95da4a4', 'EXPERT'),
    ('e9db259f-75d8-4ce6-b2b0-d1b17b5c1c71', 'USER'),
    ('e9db259f-75d8-4ce6-b2b0-d1b17b5c1c71', 'EXPERT'),
    ('ec985820-0a86-4745-8639-ab06b5f46d22', 'USER'),
    ('ec985820-0a86-4745-8639-ab06b5f46d22', 'EXPERT'),
    ('f58bfc62-8369-46e7-b46c-af3455f76a9b', 'USER'),
    ('f58bfc62-8369-46e7-b46c-af3455f76a9b', 'EXPERT'),
    ('87141ae5-ceb7-42ef-9333-66ef420bc40f', 'USER'),
    ('87141ae5-ceb7-42ef-9333-66ef420bc40f', 'EXPERT'),
    ('b80554c5-a778-4cc8-8f1f-3dfd959afc83', 'USER'),
    ('b82dfdf7-527b-420e-a2d3-118d029305d1', 'ADMIN'),
    ('52f932da-659d-42f6-9b1d-530ca769ae89', 'USER'),
    ('01e286d5-0e38-4407-97e2-0a43d4b56659', 'USER'),
    ('4de601db-a617-4bc7-a0f7-ce184fb39d93', 'TRANSLATOR'),
    ('01e286d5-0e38-4407-97e2-0a43d4b56659', 'TRANSLATOR'),
    ('52f932da-659d-42f6-9b1d-530ca769ae89', 'TRANSLATOR'),
    ('6cd6fcc8-8bcf-4662-8eb8-1254a52dda7d', 'USER'),
    ('7e0b9028-ea64-48e7-b776-34924f9a5753', 'USER'),
    ('10fbb3c8-5bec-442d-91af-7d9b3bf7dffd', 'USER'),
    ('b0192f46-5c24-4753-93aa-fee20ebaff4c', 'USER'),
    ('8db7c32c-f682-415e-9976-2cfd03594796', 'USER'),
    ('8ee13a03-a2c5-4288-aac9-179071cd1e52', 'USER'),
    ('be5f88f7-6e86-4663-abf2-e7757333af06', 'USER'),
    ('22cdf07c-1b70-4006-abc5-6ce32a5996bb', 'USER'),
    ('8ee13a03-a2c5-4288-aac9-179071cd1e52', 'TRANSLATOR'),
    ('be5f88f7-6e86-4663-abf2-e7757333af06', 'TRANSLATOR'),
    ('22cdf07c-1b70-4006-abc5-6ce32a5996bb', 'TRANSLATOR'),
    ('416e19c9-b2b6-4c42-b071-a58b14225fbe', 'USER'),
    ('e6a786ab-d15e-4333-8c82-cf471c19aae7', 'USER'),
    ('5de5de98-923a-4a5e-8a15-05020cc44fdf', 'USER'),
    ('5de5de98-923a-4a5e-8a15-05020cc44fdf', 'EXPERT'),
    ('7367d128-edec-4cd5-a915-9a6802bcd271', 'USER'),
    ('30a381d6-76e7-48df-8f4c-90fc428fc2d7', 'USER'),
    ('a4706a5f-5849-4567-87f0-093421ed4a81', 'USER'),
    ('a4706a5f-5849-4567-87f0-093421ed4a81', 'TRANSLATOR'),
    ('30a381d6-76e7-48df-8f4c-90fc428fc2d7', 'TRANSLATOR'),
    ('eece9985-3c5b-4e0b-95b0-0de3a3dff810', 'USER'),
    ('8d8cb606-9df3-4758-98bd-2173b78db1ff', 'USER'),
    ('8d8cb606-9df3-4758-98bd-2173b78db1ff', 'TRANSLATOR');

INSERT INTO user_entity_organizations (user_entity_uuid, organizations) VALUES
    ('12c81aae-3883-4840-8196-e8b18877ac59', 'ZAS'),
    ('12a81aae-3883-4840-8196-e8b18877ac59', 'ZAS'),
    ('d9761394-5974-4cb9-842c-75439cc6b8af', 'ZAS'),
    ('ad557560-9562-4597-9908-0bd5b8f09832', 'ZAS'),
    ('6bf573d2-fb04-4b1c-923b-333181c3bac5', 'ZAS'),
    ('4de601db-a617-4bc7-a0f7-ce184fb39d93', 'ZAS'),
    ('b82dfdf7-527b-420e-a2d3-118d029305d1', 'ZAS'),
    ('8754e0f6-35f1-4ad7-a3a4-5b5f0c9e8450', 'ZAS'),
    ('66f09759-7d70-4da1-a728-4a51e966e2a2', 'ZAS'),
    ('87141ae5-ceb7-42ef-9333-66ef420bc40f', 'ZAS'),
    ('f58bfc62-8369-46e7-b46c-af3455f76a9b', 'ZAS'),
    ('52f932da-659d-42f6-9b1d-530ca769ae89', 'ZAS'),
    ('01e286d5-0e38-4407-97e2-0a43d4b56659', 'ZAS'),
    ('5de5de98-923a-4a5e-8a15-05020cc44fdf', 'ZAS'),
    ('6cd6fcc8-8bcf-4662-8eb8-1254a52dda7d', 'ZAS'),
    ('7e0b9028-ea64-48e7-b776-34924f9a5753', 'ZAS'),
    ('10fbb3c8-5bec-442d-91af-7d9b3bf7dffd', 'ZAS'),
    ('b0192f46-5c24-4753-93aa-fee20ebaff4c', 'ZAS'),
    ('8db7c32c-f682-415e-9976-2cfd03594796', 'ZAS'),
    ('8ee13a03-a2c5-4288-aac9-179071cd1e52', 'ZAS'),
    ('be5f88f7-6e86-4663-abf2-e7757333af06', 'ZAS'),
    ('22cdf07c-1b70-4006-abc5-6ce32a5996bb', 'ZAS'),
    ('b80554c5-a778-4cc8-8f1f-3dfd959afc83', 'ZAS'),
    ('416e19c9-b2b6-4c42-b071-a58b14225fbe', 'ZAS'),
    ('e6a786ab-d15e-4333-8c82-cf471c19aae7', 'ZAS'),
    ('30a381d6-76e7-48df-8f4c-90fc428fc2d7', 'ZAS'),
    ('a4706a5f-5849-4567-87f0-093421ed4a81', 'ZAS'),
    ('eece9985-3c5b-4e0b-95b0-0de3a3dff810', 'ZAS'),
    ('8d8cb606-9df3-4758-98bd-2173b78db1ff', 'ZAS');